Name,Email,City,Business
Skaha Dental Centre,info@skahadental.com,Penticton,Skaha Dental Centre
Smile Enhancement Studio,info@smilestudio.ca,Penticton,Smile Enhancement Studio
Penticton Smile & implant Centre,info@winnipegstreetdental.ca,Penticton,Penticton Smile & implant Centre
Penticton Dental Arts,info@pentictondentalarts.ca,Penticton,Penticton Dental Arts
Penticton Pain Clinic,info@pentictonpainclinic.com,Penticton,Penticton Pain Clinic
Penticton Physiotherapy & IMS Clinic,info@pentictonphysiotherapy.com,Penticton,Penticton Physiotherapy & IMS Clinic
Penticton Chiropractic & Co,pentictonchiropracticco@gmail.com,Penticton,Penticton Chiropractic & Co
OKGN Core Chiropractic Penticton,drshawnatyler@gmail.com,Penticton,OKGN Core Chiropractic Penticton
Dr Beau Bradley Soft Tissue Sports Chiropractor,DRBEAUBRADLEY@gmail.com,Penticton,Dr Beau Bradley Soft Tissue Sports Chiropractor
Penticton Skaha Physiotherapy & Wellness,skahaphysio@gmail.com,Penticton,Penticton Skaha Physiotherapy & Wellness
Eye Brain Fix,chirohughess@gmail.com,Penticton,Eye Brain Fix
Skaha Health Chiropractor,info@skahahealth.ca,Penticton,Skaha Health Chiropractor
FH&P Lawyers,info@fhplawyers.com,Penticton,FH&P Lawyers
Jaimie Kidston Law Office,reception@kidstonlaw.com,Penticton,Jaimie Kidston Law Office
TNG Legal Services MDP,info@thenotarygroup.ca,Penticton,TNG Legal Services MDP
Interior Law LLP,reception@interiorlaw.com,Penticton,Interior Law LLP
KOKM Lawyers,reception@kokm.ca,Penticton,KOKM Lawyers
Hardford Smirle LLP,nicole@hardfordsmirle.ca,Penticton,Hardford Smirle LLP
Wyper Law,info@wyperlaw.ca,Penticton,Wyper Law
Laura & Ward Association of Lawyers,laura@laurawardlaw.com,Penticton,Laura & Ward Association of Lawyers
White and Company Family Law,admin@wandcfl.com,Penticton,White and Company Family Law
Fletcher King Law ,admin@fklawcorp.com,Penticton,Fletcher King Law 
ResetMyDebt,admin@resetmydebt.ca,Penticton,ResetMyDebt
FireBird Law,paule@firebirdlaw.ca,Penticton,FireBird Law
Visa Venue Immigration,visavenueimmigration@gmail.com,Penticton,Visa Venue Immigration
Avery Law Office,info@averylawoffice.ca,Penticton,Avery Law Office
Long Haggerty Chartered Professional Accountants,admin@lhrllp.ca,Penticton,Long Haggerty Chartered Professional Accountants
Preferred Tax Services Ltd,ptstax@telus.net,Penticton,Preferred Tax Services Ltd
HLW Chartered Professional Accountants Inc.,info@hlw-cpa.com,Penticton,HLW Chartered Professional Accountants Inc.
Omland Heal Chartered Professional Accountants,info@omlandheal.com,Penticton,Omland Heal Chartered Professional Accountants
Darren B Wilms CPA ,darren@wilms.ca,Penticton,Darren B Wilms CPA 
Elliot and Lee Business Management Inc.,admin@elliotandlee.com,Penticton,Elliot and Lee Business Management Inc.
Doane Grant Thornton,generalinquires@doane.gt.ca,Penticton,Doane Grant Thornton
Consider It Done Bookkeeping,accounting@cidbooks.com,Penticton,Consider It Done Bookkeeping
Spokes - Clinic Naturopathy,info@spokesclinic.com,Penticton,Spokes - Clinic Naturopathy
FYI Doctors Optometry Clinic,penticton.marinaway@fyidoctors.com,Penticton,FYI Doctors Optometry Clinic
South Okanagan Laser and Skin Centre,info@solaserandskin.ca,Penticton,South Okanagan Laser and Skin Centre
Own Your Skin Penticton,ownyourskin100@gmail.com,Penticton,Own Your Skin Penticton
Renew Laser & Skin Clinic,infopenticton@dermapure.com,Penticton,Renew Laser & Skin Clinic
Penticton Headicure Headspa,pentictonheadspa@gmail.com,Penticton,Penticton Headicure Headspa
Without A Doubt Day Spa,withoutadoubt@shaw.ca,Penticton,Without A Doubt Day Spa
La Creme Skin Care & Boutique,hello@lacremeluxe.com,Penticton,La Creme Skin Care & Boutique
Glow Skin Care Clinic,glowskincarepenticton@gmail.com,Penticton,Glow Skin Care Clinic
vida Flow Mind Body Skin Clinic,hello@vida-flow.com,Penticton,vida Flow Mind Body Skin Clinic
Blue Dragon Medicine,paragonhealing@gmail.com,Penticton,Blue Dragon Medicine
Omra Salon and Medspa,OMRASALONANDMEDSPA@GMAIL.COM,Penticton,Omra Salon and Medspa
Beauty By Shayla in Vida + Flow,shaylab@vida-flow.com,Penticton,Beauty By Shayla in Vida + Flow
Lasting Impressions By Amelia Day Spa,lastingimpressions@telus.net,Penticton,Lasting Impressions By Amelia Day Spa
The Annex Wellness Project,theannexorthodontics@gmail.com,Penticton,The Annex Wellness Project
Ostara Medical Aesthetics and Wellness,info@ostarahealth.ca,Penticton,Ostara Medical Aesthetics and Wellness
Flex Academy,info@flex.academy.com,Penticton,Flex Academy
re:pilates,re.pilatesstudio@gmail.com,Penticton,re:pilates
Sol Classical Pilates,solclassicalpilates@gmail.com,Penticton,Sol Classical Pilates
Studio One Penticton,info@studioonepenticton.com,Penticton,Studio One Penticton
Community Future - Okanagan Similkameen ,info@cfokanagan.com,,Community Future - Okanagan Similkameen 
OKV Chartered Professional Accountants,info@okvCPAs.com,,OKV Chartered Professional Accountants
Penticton & Area Access Centre,support@accesscentre.org,,Penticton & Area Access Centre
1st Choice Tax Service,1st.site@1stchoicetaxservice.ca,,1st Choice Tax Service
Preferred Tax Services Ltd,ptstax@telus.net,,Preferred Tax Services Ltd
Fraser Bevz Broughton Chartered Accountants,ryan@fbbcpa.ca,,Fraser Bevz Broughton Chartered Accountants
Pentone Creative,kelly@pentone.ca,,Pentone Creative
Addventive Bookkeeping,addventive@usa.net,,Addventive Bookkeeping
"Darren B Wilms, CPA CMA",darren@wilms.ca,,"Darren B Wilms, CPA CMA"
Penticton Herald,csr@pentictonherald.ca,,Penticton Herald
"Pius Omene (Barrister, Solicitor & Notary Public)",info@piusomene.com,,"Pius Omene (Barrister, Solicitor & Notary Public)"
Chamberlain Property Group,info@cpg.email,,Chamberlain Property Group
Visa Venue Immigration,visavenueimmigration@gmail.com,,Visa Venue Immigration
Interior Law,reception@interiorlaw.ca,,Interior Law
South Okanagan Immigrant & Community Services,admin@soics.ca,,South Okanagan Immigrant & Community Services
City of Penticton Bylaw Services,ask@penticton.ca,,City of Penticton Bylaw Services
Okanagan Notaries,reception@okanagannotaries.ca,,Okanagan Notaries
Notary Pro,support@notarypro.ca,,Notary Pro
The Notary Group - Penticton,info@thenotarygroup.ca,,The Notary Group - Penticton
White & Company Family Law,admin@wandcfl.com,,White & Company Family Law
FireBird Law,paule@firebirdlaw.ca,,FireBird Law
Jaimie Kidston Law Office,reception@kidstonlaw.com,,Jaimie Kidston Law Office
Tondo Boxing Club,tondoboxingclub@gmail.com,,Tondo Boxing Club
Sunfit Studio,sunfitstudio.summerland@gmail.com,,Sunfit Studio
Penticton Champion Taekwondo,admin@pentictontaekwondo.com,,Penticton Champion Taekwondo
Active Living Services,info@activelivingservices.ca,,Active Living Services
Steady Effort Yoga • Wellness • Sound,steadyeffortyoga@gmail.com,,Steady Effort Yoga • Wellness • Sound
Penticton Pain Clinic,info@pentictonpainclinic.com,,Penticton Pain Clinic
First Strike Martial Arts,thecareys@shaw.ca,,First Strike Martial Arts
Progressive Elite Training,sheila@progressiveelitetraining.com,,Progressive Elite Training
Penticton Vees,info@pentictonvees.com,,Penticton Vees
Reflexions Yoga Studio and School,info@reflexions-studio.com,,Reflexions Yoga Studio and School
Fraser Athletic Performance,mfraser6717@gmail.com,,Fraser Athletic Performance
The Pilates Garage,Thepilatesgarage618@gmail.com,,The Pilates Garage
Rose & Co. Salon,info@roseandcosalon.com,,Rose & Co. Salon
South Okanagan Laser and Skin Centre,info@solaserandskin.ca,,South Okanagan Laser and Skin Centre
URGE 3 Tattoos,info@urge3tattoos.com,,URGE 3 Tattoos
Elizabeth O. Vintage,hello@elizabethovintage.com,,Elizabeth O. Vintage
Melt Mineral Spa,bookings@meltmineralspa.com,,Melt Mineral Spa
The Filler Course,info@thebotoxcourse.com,,The Filler Course
Daydream Esthetics Studio,info@daydreamspa.ca,,Daydream Esthetics Studio
Ostara Medical Aesthetics and Wellness,info@ostarahealth.ca,,Ostara Medical Aesthetics and Wellness
MV Dental Centre,info@mvdentalcentre.com,,MV Dental Centre
Penticton Family Dentist,pentictonfamilydentist@gmail.com,,Penticton Family Dentist
Lifesmiles Dental Centre,drnewman@shaw.ca,,Lifesmiles Dental Centre
Winnipeg Street Dental,info@winnipegstreetdental.ca,,Winnipeg Street Dental
Bite Family Dental,info@bitefamilydental.com,,Bite Family Dental
Community Denture Centre,communitydenturecentre@shaw.ca,,Community Denture Centre
Smile Enhancement Studio,info@smilestudio.ca,,Smile Enhancement Studio
Chase Valley Group,info@chasevalley.ca,,Chase Valley Group
Fox & Fox Penticton Real Estate,foxandfox@pentictonproperties.com,,Fox & Fox Penticton Real Estate
MAAP Group Real Estate,info@maapgroup.com,,MAAP Group Real Estate
Dori Munday - Royal LePage – Locations West,info@penticton-realestate.com,,Dori Munday - Royal LePage – Locations West
"Gitta Schoenne, Verico Compass Mortgage Group",gschoenne@gmail.com,,"Gitta Schoenne, Verico Compass Mortgage Group"
Skaha Shores,rent@gohighstreet.ca,,Skaha Shores
Rent SOPM - West Kelowna Property Management,info@rentsopm.com,,Rent SOPM - West Kelowna Property Management
InSpire Real Estate Team,alicia@inspirerealestateteam.com,,InSpire Real Estate Team
Chad Wozniak Real Estate - Chamberlain Property Group,chad@realtorchad.ca,,Chad Wozniak Real Estate - Chamberlain Property Group
Micah Hudson - PREC*,micah.skaharealty@gmail.com,,Micah Hudson - PREC*
Jean and Shelly - Your Family Real Estate Team,info@jeanandshelly.com,,Jean and Shelly - Your Family Real Estate Team
Trong Nguyen Real Estate,trong@trongrealestate.com,,Trong Nguyen Real Estate
Norm Davies Real Estate,normdavies@royallepage.ca,,Norm Davies Real Estate
Front Street Realty,admin@frontstreetrealty.net,,Front Street Realty
Heidi Harbinson - Penticton REALTOR - Chamberlain Property Group,heidi@harbinsonrealestate.com,,Heidi Harbinson - Penticton REALTOR - Chamberlain Property Group
OkaValley Therapy,info@okavalleytherapy.ca,,OkaValley Therapy
NuVista Chiropractic and Wellness,info@nuvistachiropractic.com,,NuVista Chiropractic and Wellness
Penticton Physiotherapy & IMS Clinic,info@pentictonphysiotherapy.com,,Penticton Physiotherapy & IMS Clinic
"Nurture Health, Manual Osteopathy, Pamela Letitia DOMP, CST-T",nurturecst@gmail.com,,"Nurture Health, Manual Osteopathy, Pamela Letitia DOMP, CST-T"
John Forsyth RMT,JohnForsythRMT@gmail.com,,John Forsyth RMT
Solaterra Wellness,contact@solaterrawellness.ca,,Solaterra Wellness
Fresh Physiotherapy,info@freshphysiotherapy.com,,Fresh Physiotherapy
Pachara Thai Massage,pacharathaimassage@gmail.com,,Pachara Thai Massage
greenorchid massage & wellness,greenorchidwellness@gmail.com,,greenorchid massage & wellness
Eryn Price RMT - Founder of The Mastectomy Guide,info@mastectomyguide.com,,Eryn Price RMT - Founder of The Mastectomy Guide
Solus Massage Therapy,info@solusmassage.com,,Solus Massage Therapy
Dance Penticton - Ballroom & Latin Dance Club,dancepentictonbc@gmail.com,,Dance Penticton - Ballroom & Latin Dance Club
Emily McDonald’s School of Highland Dance,emily.ruth07@gmail.com,,Emily McDonald’s School of Highland Dance
Okanagan Dance Studios,okdance@shaw.ca,,Okanagan Dance Studios
Lisa Singleton Physiotherapy,lisasingletonpt@gmail.com,,Lisa Singleton Physiotherapy
Okanagan Hand And Upper Limb Rehab,handelbowshoulder@hotmail.com,,Okanagan Hand And Upper Limb Rehab
Penticton Pediatric Therapy,kidsotpt@telus.net,,Penticton Pediatric Therapy
Penticton Women's Health Physiotherapy,pentictonwomenshealthphysio@gmail.com,,Penticton Women's Health Physiotherapy
Michael Wood: Dominion Lending Centres,mortgages@mikewood.net,,Michael Wood: Dominion Lending Centres
SKAHA REALTY GROUP INC.,skaharealty@gmail.com,,SKAHA REALTY GROUP INC.
Katrina Somers - Real Estate Agent,yourokanaganrealtorexp@gmail.com,,Katrina Somers - Real Estate Agent
Ale Morales - Okanagan Real Estate,ale@alemoralesrealestate.ca,,Ale Morales - Okanagan Real Estate
KIN Group,kin@pentictonrealty.com,,KIN Group
Dave Bickell - eXp Realty,dave@livingokanaganlife.ca,,Dave Bickell - eXp Realty
Dominion Lending Centres Clearmortgage,info@clearmortgage.ca,,Dominion Lending Centres Clearmortgage
"DLC Clearmortgage.ca, Harry Howard",harry@clearmortgage.ca,,"DLC Clearmortgage.ca, Harry Howard"
"Larry Flagel, Royal LePage",larryflagel@royallepage.ca,,"Larry Flagel, Royal LePage"
Mike and Jaclyn @ Royal LePage Locations West Realty,mikeandjaclyn@gmail.com,,Mike and Jaclyn @ Royal LePage Locations West Realty
Mortgage Advantage West - Summerland-Dan Macor,dan@mawest.ca,,Mortgage Advantage West - Summerland-Dan Macor
INLAND APPRAISERS Ltd,info@inlandappraisers.com,,INLAND APPRAISERS Ltd
Robyn Bella - DLC Clearmortgage,robyn@clearmortgage.ca,,Robyn Bella - DLC Clearmortgage
Ernie Sheridan PREC* l REALTOR,erniesheridan@remax.net,,Ernie Sheridan PREC* l REALTOR
Team CHAPMAN - Royal LePage Locations West,info@teamchapman.ca,,Team CHAPMAN - Royal LePage Locations West
Ryan Gagno / Royal Lepage Locations West,ryan@penticton-realty.ca,,Ryan Gagno / Royal Lepage Locations West
Dominion Lending Centres Clearmortgage: Jenna Mullins,jenna@clearmortgage.ca,,Dominion Lending Centres Clearmortgage: Jenna Mullins
Green Real Estate Group,info@teamgreen.ca,,Green Real Estate Group
TIME Family of Wines - Chronos Tasting Room,info@timewines.ca,,TIME Family of Wines - Chronos Tasting Room
"eXp REALTY, BROKERAGE :Vijay Singla",Vjsingla1@gmail.com,,"eXp REALTY, BROKERAGE :Vijay Singla"
Your Equity Mortgage - Home Equity Loan | Private Mortgage Lenders Okanagan BC,jeff@yourequity.ca,,Your Equity Mortgage - Home Equity Loan | Private Mortgage Lenders Okanagan BC
Okan-Wide Financial by Mortgage Architects,mram@MtgeMark.com,,Okan-Wide Financial by Mortgage Architects
"Sunshine Mortgages - Erika Makauskas, Mortgage Professional",erika@sunshine-mortgages.ca,,"Sunshine Mortgages - Erika Makauskas, Mortgage Professional"
Dominion Lending Centres: BRENDA UPTON,bupton@dominionlending.ca,,Dominion Lending Centres: BRENDA UPTON
The Mortgage Centre - B.C. Direct Mortgages,info@bcdirectmortgages.com,,The Mortgage Centre - B.C. Direct Mortgages
Mortgage Okanagan,matthew@yourmortgageteam.ca,,Mortgage Okanagan
Apple Grove Auto Sales Ltd.,rodneybling@gmail.com,,Apple Grove Auto Sales Ltd.
Robbie Bonthoux: The Mortgage Group - Penticton,robbie.b@mortgagegroup.com,,Robbie Bonthoux: The Mortgage Group - Penticton
Madeira Stone,madeirastone@outlook.com,,Madeira Stone
Crescent Hill Winery,tyshapope78@gmail.com,,Crescent Hill Winery
E.B. Horsman & Son - Penticton,ar@ebhorsman.com,,E.B. Horsman & Son - Penticton
Ruby Blues Winery,rubyblueswinery@shaw.ca,,Ruby Blues Winery
Little Engine Wines,info@littleenginewines.com,,Little Engine Wines
Berdick Windows & Doors - Penticton,berdickwindows@shaw.ca,,Berdick Windows & Doors - Penticton
Pedego Electric Bikes Penticton,info@pedegocanada.ca,,Pedego Electric Bikes Penticton
Maurer Log Homes,maurer_construction@telus.net,,Maurer Log Homes
La Frenz Winery,info@lafrenzwinery.com,,La Frenz Winery
D’Angelo Estate Winery & Guest House,info@dangelowinery.com,,D’Angelo Estate Winery & Guest House
Hillside Winery,info@hillsidewinery.ca,,Hillside Winery
Uber Building Solutions,hello@ubersolutions.ca,,Uber Building Solutions
Waycon Manufacturing Ltd,info@waycon.net,,Waycon Manufacturing Ltd
Poplar Grove Winery,wine@poplargrove.ca,,Poplar Grove Winery
Laughing Stock Vineyards,info@laughingstock.ca,,Laughing Stock Vineyards
Tightrope Winery,info@tightropewinery.ca,,Tightrope Winery
Mountain Alpine Homes,info@mountainalpinehomes.ca,,Mountain Alpine Homes
Sagebrush Tours,info@sagebrushtours.ca,,Sagebrush Tours
BigSteelBox,airmiles@bigsteelbox.com,,BigSteelBox
Penticton Computer Tech-Ease,colin@tech-ease.ca,,Penticton Computer Tech-Ease
IMG Industries Inc,general@imgindustries.com,,IMG Industries Inc
Splashes Bath & Kitchen,customersupport@splashes.com,,Splashes Bath & Kitchen
Roche Wines,info@rterroir.ca,,Roche Wines
Four Shadows Vineyard & Winery,info@fourshadowsvineyard.com,,Four Shadows Vineyard & Winery
Da Silva Vineyards and Winery,info@dasilvavineyards.com,,Da Silva Vineyards and Winery
Bench 1775 Winery,info@bench1775.com,,Bench 1775 Winery
Goldco Electric,zane@goldcoelectric.com,,Goldco Electric
Wildstone Construction,info@wildstone.com,,Wildstone Construction
Cumming CONST ltd,info@cummingconstruction.ca,,Cumming CONST ltd
Red Stag Contracting ltd,andrew@redstagcontracting.ca,,Red Stag Contracting ltd
Square Foot Construction Home Builders,office@squarefootconstruction.ca,,Square Foot Construction Home Builders
RickLyn Renos Ltd,rickbuscholl1@gmail.com,,RickLyn Renos Ltd
Inland Contracting Ltd,sales@inlandequipment.com,,Inland Contracting Ltd
Okanagan Custom Homes,info@okanagancustomhomes.com,,Okanagan Custom Homes
Primal Electric Ltd | Penticton Electrician,office@primalelectric.ca,,Primal Electric Ltd | Penticton Electrician
Showtime Home Builders Ltd.,office@showtimehb.com,,Showtime Home Builders Ltd.
Messiers Concrete & Landscaping Inc.,messiersconcrete@gmail.com,,Messiers Concrete & Landscaping Inc.
Loewen Electrical,loewenelectrical@gmail.com,,Loewen Electrical
Burgart Projects,info@burgartprojects.com,,Burgart Projects
Barnett Construction - Custom Home Builders,kevin@barnettconstruction.ca,,Barnett Construction - Custom Home Builders
"ArmourGrade Continuous Gutters, Soffit & Moss Removal Contractors",projects@armourgrade.ca,,"ArmourGrade Continuous Gutters, Soffit & Moss Removal Contractors"
RPR Heating and Air Conditioning Ltd.,info@rprheating.com,,RPR Heating and Air Conditioning Ltd.
HDR,reasonableaccommodations@hdrinc.com,,HDR
BOX MECHANICAL CONTRACTING INC.,shaunna@boxmechanical.ca,,BOX MECHANICAL CONTRACTING INC.
Spec Group Plumbing & Gas Fitting Limited,specgroup@outlook.com,,Spec Group Plumbing & Gas Fitting Limited
Sun City Exteriors,suncityexteriors@gmail.com,,Sun City Exteriors
Betts Electric & Security Ltd,info@bettselectric.com,,Betts Electric & Security Ltd
Lakeridge Homes,info@lakeridgehomes.ca,,Lakeridge Homes
Jens Interior Painting Inc,jensinteriorpainting@gmail.com,,Jens Interior Painting Inc
Interior Roofing Ltd.,team@interiorroofing.com,,Interior Roofing Ltd.
Mandeville Land Surveying,ross@msurveying.com,,Mandeville Land Surveying
Keldon Electric Ltd,sdallacosta@keldonelectric.com,,Keldon Electric Ltd
Renshaw Contracting,curt@renshawcontracting.com,,Renshaw Contracting
Lyon Masonry Contractors,lyonenterprises@telus.net,,Lyon Masonry Contractors
Canadian Aerothermal,office@canadianaerothermal.ca,,Canadian Aerothermal
Prairie Valley Plumbing and Heating,virgilsaraceni49@gmail.com,,Prairie Valley Plumbing and Heating
Southern Mechanical Services Inc.,info@southernmechanical.ca,,Southern Mechanical Services Inc.
Sanders Irrigation Service,teejayeffsanders@gmail.com,,Sanders Irrigation Service
Niina Di Lorenzo Designs,niinainterior@gmail.com,,Niina Di Lorenzo Designs
Penticton Appliance Sales & Service Ltd,pentictonappliance@shaw.ca,,Penticton Appliance Sales & Service Ltd
Connections Plumbing and Heating,mark@connectionsph.ca,,Connections Plumbing and Heating
Edgewater Plumbing and Heating Inc.,info@edgewaterplumbing.ca,,Edgewater Plumbing and Heating Inc.
The Plumbinators Plumbing & Heating Inc,admin@theplumbinators.com,,The Plumbinators Plumbing & Heating Inc
Ponderosa Plumbing,info@ponderosaplumbing.ca,,Ponderosa Plumbing
"Lakeside Plumbing, Summerland",lakesideplumbing2021@gmail.com,,"Lakeside Plumbing, Summerland"
Pinegrove Plumbing,mathew@pinegroveplumbing.ca,,Pinegrove Plumbing
G.P.H. Mechanical Ltd.,gord@gphmechanical.com,,G.P.H. Mechanical Ltd.
Integrity Plumbing & Gas Ltd.,integrityplumbing@telus.net,,Integrity Plumbing & Gas Ltd.
Resurface Solutions,resurfacesolutions@telus.net,,Resurface Solutions
Nielsen Roofing & Sheet Metal Ltd,nielsenroofing@shaw.ca,,Nielsen Roofing & Sheet Metal Ltd
Cannery Brewing,info@cannerybrewing.com,,Cannery Brewing
Cannery Trade Centre,jill@cannerytradecentre.com,,Cannery Trade Centre
Penticton Self Storage,pentictonselfstorage@telus.net,,Penticton Self Storage
Innovation District,info@theinnovationdistrict.ca,,Innovation District
Super Spotless Building Maintenance Inc.,info@superspotless.ca,,Super Spotless Building Maintenance Inc.
Evergreen Building Maintenance Inc.,info@evergreenmaintenance.ca,,Evergreen Building Maintenance Inc.
Regional District of Okanagan-Similkameen,info@rdos.bc.ca,,Regional District of Okanagan-Similkameen
Mullin CPA,admin@mullin-cpa.ca,,Mullin CPA
FBC Farm and Small Business Tax Consultants,fbc@fbc.ca,,FBC Farm and Small Business Tax Consultants
Kindret Business Solutions,cindy@kindret.com,,Kindret Business Solutions
Cloud-Keepers | Bookkeeping & CFO Services,admin@cloud-keepers.ca,,Cloud-Keepers | Bookkeeping & CFO Services
Onn Chong Inc. Chartered Professional Accountant,onnchong@onnchong.ca,,Onn Chong Inc. Chartered Professional Accountant
EagleEye Bookkeeping Inc.,dustinlaverty@gmail.com,,EagleEye Bookkeeping Inc.
RDF CPA,ruth@rdfcpa.ca,,RDF CPA
Harmony CPA,info@harmonycpa.ca,,Harmony CPA
"Michael Dudenhoeffer, CA",michael@mdaccounting.ca,,"Michael Dudenhoeffer, CA"
Equitax Accounting Inc.,Info@equitax.co,,Equitax Accounting Inc.
"AMS Consultant, Chartered Professional Accountant",cpamanjotsingh@gmail.com,,"AMS Consultant, Chartered Professional Accountant"
Details Bookkeeping,admin@detailsbookkeeping.ca,,Details Bookkeeping
eTax Okanagan,info@etaxguy.ca,,eTax Okanagan
Ascend - Kelowna,info@ascendllp.com,,Ascend - Kelowna
Apex Business Solutions Inc.,info@apexbusiness.ca,,Apex Business Solutions Inc.
Julian Jasiura,admin@jasiuracpa.com,,Julian Jasiura
Axiom Bookkeeping,kristy@axiombookkeeping.ca,,Axiom Bookkeeping
Prechel CPAs - Kelowna Accountants,info@kelownaaccountants.com,,Prechel CPAs - Kelowna Accountants
PDC Accounting Evolved - Chartered Professional Accountants,info@pdco.ca,,PDC Accounting Evolved - Chartered Professional Accountants
G. Lidhar CPA Inc. Chartered Professional Accountant,info@lidharcpa.ca,,G. Lidhar CPA Inc. Chartered Professional Accountant
Complete Accounting Solutions,info@completeaccounting.ca,,Complete Accounting Solutions
Financial Fitness Bookkeeping,financialfitness@telus.net,,Financial Fitness Bookkeeping
WS Accounting Services Inc.,reception@wsaccounting.ca,,WS Accounting Services Inc.
GD Bookkeeping,info@gdbookkeeping.com,,GD Bookkeeping
WK Group LLP Chartered Professional Accountants,info@wkgroup.ca,,WK Group LLP Chartered Professional Accountants
McBride Accounting Group Inc,info@mcbridegroup.ca,,McBride Accounting Group Inc
Rush Ihas Hardwick LLP,info@rihlaw.com,,Rush Ihas Hardwick LLP
Geoffrey W. White Law Corporation,firm@bcestatelaw.com,,Geoffrey W. White Law Corporation
Marc R.B. Whittemore Law Corporation,marc@whittemorelawcorporation.com,,Marc R.B. Whittemore Law Corporation
Hergott Law,info@hlaw.ca,,Hergott Law
Benson Law LLP,inquiries@bensonlawllp.com,,Benson Law LLP
"Martin Russell, Barrister & Solicitor",martinrussell@telus.net,,"Martin Russell, Barrister & Solicitor"
Bryshun Mace Lawyers,info@bryshunmace.com,,Bryshun Mace Lawyers
Oak Tree Estate Law Corporation,marissa@oaktree-estatelaw.com,,Oak Tree Estate Law Corporation
Glazier Polley,info@glazierpolley.com,,Glazier Polley
EQ One Law,info@eq1law.ca,,EQ One Law
Stream Law Group,brent@streamlawgroup.com,,Stream Law Group
"Brendon Rothwell,Notary Public",reception@rothwellnotary.com,,"Brendon Rothwell,Notary Public"
Acorn Law Corporation,info@acornlaw.ca,,Acorn Law Corporation
Pihl Law Corporation,lawyers@pihl.ca,,Pihl Law Corporation
Stanley J. Tessmer Law Corporation,info@tessmerlaw.com,,Stanley J. Tessmer Law Corporation
Kelowna Divorce & Family Mediation Centre,info@familymediationcenter.ca,,Kelowna Divorce & Family Mediation Centre
Touchstone Law Group LLP,info@touchstone.law,,Touchstone Law Group LLP
Fischer & Company,matthew@fischerandcompany.ca,,Fischer & Company
Kent Employment Law,help@kentemploymentlaw.com,,Kent Employment Law
Newcombe & Company Law Office,newcombelaw@telus.net,,Newcombe & Company Law Office
Alpha Law Corporation,info@alphalawcorporation.ca,,Alpha Law Corporation
Chandler Law,john@chandlerlaw.ca,,Chandler Law
Smith Peacock,gpeacock@smithpeacock.ca,,Smith Peacock
Jenson & Co.,jensonco@shaw.ca,,Jenson & Co.
Hemmerling Law,info@hemmerlinglaw.com,,Hemmerling Law
Gertsoyg and Co - Family Lawyer Kelowna,yg@yglaw.ca,,Gertsoyg and Co - Family Lawyer Kelowna
Kimmitt Wrzesniewski,info@kimmitt.ca,,Kimmitt Wrzesniewski
Essentia Law,info@essentia.law,,Essentia Law
Greg LeClair Law,grleclair@thomasbutlerllp.com,,Greg LeClair Law
Julian van der Walle Law Corporation,julian@criminallawyervernonbc.com,,Julian van der Walle Law Corporation
Beyond The Crux Climbing Gym Inc.,info@beyondthecrux.info,,Beyond The Crux Climbing Gym Inc.
CrossFit FYP,crossfitfyp@gmail.com,,CrossFit FYP
Thrive Kelowna Fitness & Performance,nathan.handh@gmail.com,,Thrive Kelowna Fitness & Performance
Pranify Yoga Kelowna,Kelowna@pranifyyoga.com,,Pranify Yoga Kelowna
Luna Scura Yoga,info@lunascurayoga.com,,Luna Scura Yoga
Sweat Studios - Kelowna,info@sweatkelowna.com,,Sweat Studios - Kelowna
F45 Training Kelowna,legal@f45training.com,,F45 Training Kelowna
The Hangar Fitness and Wellness Centre,recreation.okanagan@ubc.ca,,The Hangar Fitness and Wellness Centre
Temenos Athletics,temenosathletics@gmail.com,,Temenos Athletics
Kelowna Kinesiology By Orthoquest,info@orthoquest.ca,,Kelowna Kinesiology By Orthoquest
Bodyshop Fitness & Nutrition,brad@bodyshopwk.ca,,Bodyshop Fitness & Nutrition
GoodLife Fitness Kelowna Capri Centre,members@goodlifefitness.com,,GoodLife Fitness Kelowna Capri Centre
Okanagan Peak Performance Inc.,info@okanaganpeak.com,,Okanagan Peak Performance Inc.
Gneiss Climbing - Hill Security,chris@gneissclimbing.com,,Gneiss Climbing - Hill Security
Kinetic Evolution,info@kineticevolution.ca,,Kinetic Evolution
Alliance Jiu-Jitsu - Kelowna,alliancekelowna@gmail.com,,Alliance Jiu-Jitsu - Kelowna
STRONG Pilates Kelowna,info@strongpilates.ca,,STRONG Pilates Kelowna
New Level Grappling Academy,info@newlevelgrappling.com,,New Level Grappling Academy
StableBody Fitness,scott@stablebody.ca,,StableBody Fitness
MYE Studio,info@myestudio.ca,,MYE Studio
Selflovepilates,selflovepilates@gmail.com,,Selflovepilates
Fit Happens Training West Kelowna BC,jentrigirl@hotmail.com,,Fit Happens Training West Kelowna BC
Community Athletics,kelownacrossfit@gmail.com,,Community Athletics
Innovative Fitness Kelowna,info@innovativefitness.com,,Innovative Fitness Kelowna
The Dog House,SecurityBlock@mindbodyonline.com,,The Dog House
Move Daily Fitness In-home Personal Training,movedailyfitness@gmail.com,,Move Daily Fitness In-home Personal Training
Move Well Cafe - Kelowna Pilates Studio,hello@movewellcafe.ca,,Move Well Cafe - Kelowna Pilates Studio
Team Fitness Personal Training - Kelowna,info@teamfitnessbc.com,,Team Fitness Personal Training - Kelowna
Crimson Hair Salon,crimsonhairsalon@gmail.com,,Crimson Hair Salon
La Bella Spa,bella@labella-spa.ca,,La Bella Spa
Pedi natural spa & nails,pedinaturalspa@gmail.com,,Pedi natural spa & nails
Crystal Nails & Spa,crystalnails@shaw.ca,,Crystal Nails & Spa
Amici's Salon Hair Skin Nails,amicis1@shaw.ca,,Amici's Salon Hair Skin Nails
Nails Next Door,info@nailsnextdoor.com,,Nails Next Door
THE TEN SPOT - west kelowna,getnailed@thetenspot.com,,THE TEN SPOT - west kelowna
Slate Salon & Spa,info@slatesalon.ca,,Slate Salon & Spa
Waxthetics,info@waxthetics.ca,,Waxthetics
Polished Perfect Nails (The District on Bernard Kelowna),info@polishedperfect.ca,,Polished Perfect Nails (The District on Bernard Kelowna)
DV Nails and Spa,dvnailsandspa@gmail.com,,DV Nails and Spa
Namaste Day Spa & Organic Skin Shop,info@namastespakelowna.com,,Namaste Day Spa & Organic Skin Shop
Purnama Style Lounge,info.purnamastylelounge@gmail.com,,Purnama Style Lounge
Pompous Full Esthetics Studio,angie.m.alcorn@gmail.com,,Pompous Full Esthetics Studio
City Chic Spray Tanning and Nails,spray.nail@gmail.com,,City Chic Spray Tanning and Nails
Waxcetera,info@waxcetera.com,,Waxcetera
Ego Beauty Nails & Academy,egobeautyca@outlook.com,,Ego Beauty Nails & Academy
Quinn’s Nails and Spa,quinnsnailsandspa@gmail.com,,Quinn’s Nails and Spa
Pro Nails & Spa,Pronailspa1710@gmail.com,,Pro Nails & Spa
Diamond You Nails and Beauty,diamondyounails@gmail.com,,Diamond You Nails and Beauty
Letaya Salon & Spa,letayasalonandspa@gmail.com,,Letaya Salon & Spa
At Your Fingertips Nails and Esthetics,ayfkelowna@gmail.com,,At Your Fingertips Nails and Esthetics
Dr. Andrew Dargie MD Medical Aesthetics,info@drdargie.com,,Dr. Andrew Dargie MD Medical Aesthetics
MAIA Medical Aesthetics & Injectables Academy,info@maiapro.com,,MAIA Medical Aesthetics & Injectables Academy
Smooth Effects Kelowna,kelowna@smootheffects.ca,,Smooth Effects Kelowna
Araya Skin,hello@arayaskin.com,,Araya Skin
Organic Glow Medical Aesthetics,info@ogmakelowna.com,,Organic Glow Medical Aesthetics
studio PURE Medical Aesthetics Inc.,info@studiopure.ca,,studio PURE Medical Aesthetics Inc.
Kelowna Medical Aesthetics,KelownaMedicalAesthetics@gmail.com,,Kelowna Medical Aesthetics
Lakeshore Vein & Aesthetics Clinic,care@veinskin.com,,Lakeshore Vein & Aesthetics Clinic
Top Skin Care,Info@topskincare.ca,,Top Skin Care
Care Dental,hello@caredental.ca,,Care Dental
Kelowna Orthodontics,info@kelownabraces.ca,,Kelowna Orthodontics
Dr Jeremie Hallett,care@discoversmiles.ca,,Dr Jeremie Hallett
Dr Brendon Burgess,Drburgess.ca@gmail.com,,Dr Brendon Burgess
Acorn Dental & Implant Center Rutland,acorndentalkelowna@gmail.com,,Acorn Dental & Implant Center Rutland
Midtown Kelowna Dental,perfectsmile@shaw.ca,,Midtown Kelowna Dental
Creekside Dental Clinic,info@creeksidedentalclinic.ca,,Creekside Dental Clinic
Ambrosi Place Dental Care,info@ambrosiplacedentalcare.com,,Ambrosi Place Dental Care
Lifestyle Dentistry,smile@ldkelowna.com,,Lifestyle Dentistry
True Dental,info@truedental.ca,,True Dental
Mission Park Dental Kelowna,info@missionparkdental.com,,Mission Park Dental Kelowna
Access Dental Centre Kelowna,info@accessdentalkelowna.ca,,Access Dental Centre Kelowna
Okanagan Periodontics,reception@okanaganperiodontics.com,,Okanagan Periodontics
CO2llaborative Care and Research,welcome@co2llab.care,,CO2llaborative Care and Research
LifeStrength Dental Centre,reception@drsokhisandhu.com,,LifeStrength Dental Centre
Orchard Plaza Dental,info@orchardplazadental.com,,Orchard Plaza Dental
Advance Dental,kelowna@advancesmiles.ca,,Advance Dental
Honce Dentistry,info@honcedentistry.com,,Honce Dentistry
Kelowna Dental Solutions,drmark@kelownadentalsolutions.com,,Kelowna Dental Solutions
Capri Dental Prosthetics,info@okprostho.ca,,Capri Dental Prosthetics
Pandosy Village Dental,pandosydental@shaw.ca,,Pandosy Village Dental
Swift Dentistry,info@swiftdental.ca,,Swift Dentistry
Orchard Smiles Dentistry,hello@orchardsmiles.ca,,Orchard Smiles Dentistry
Kelowna Denture Clinic,admin@kelownadentureclinic.com,,Kelowna Denture Clinic
Kelowna Dental Centre,info@kelowna-dental-centre.ca,,Kelowna Dental Centre
Mission Creek Orthodontics,admin@missioncreekortho.com,,Mission Creek Orthodontics
Worman Commercial,info@worman.ca,,Worman Commercial
Appelt Management Inc.,info@appeltproperties.com,,Appelt Management Inc.
Amar Grewal - Kelowna Real Estate,ylwhomes@gmail.com,,Amar Grewal - Kelowna Real Estate
Portico Property Services Ltd.,owners@porticoproperty.ca,,Portico Property Services Ltd.
Dan Singla - Oakwyn Realty Okanagan,dan.singla@gmail.com,,Dan Singla - Oakwyn Realty Okanagan
Kurtis Janot - Licensed Property Manager® - Associated Property Management,info@associatedpm.ca,,Kurtis Janot - Licensed Property Manager® - Associated Property Management
HM Commercial Realty,info@hmcommercial.com,,HM Commercial Realty
604 Real Estate Service Inc,info@604realestate.ca,,604 Real Estate Service Inc
"Elevate Vacations Kelowna, British Columbia",info@elevatevacations.com,,"Elevate Vacations Kelowna, British Columbia"
"Venture Commercial, a Division of Venture Realty Corp.",info@venturecommercial.ca,,"Venture Commercial, a Division of Venture Realty Corp."
Argus Property Management Ltd,corporate@argusproperties.ca,,Argus Property Management Ltd
Andrew Smith - Royal LePage Kelowna,andy@okanaganbc.com,,Andrew Smith - Royal LePage Kelowna
Nicole McWilliams Real Estate,nicolemcwilliamsproperties@gmail.com,,Nicole McWilliams Real Estate
Roam Vacation Rentals Inc. / Roam Destinations Corporate Rentals,booked@roamvacationrentals.com,,Roam Vacation Rentals Inc. / Roam Destinations Corporate Rentals
Jas Khunkhun Real Estate,jaskhun88@gmail.com,,Jas Khunkhun Real Estate
RMD Group Of Companies,info@rmdgroup.com,,RMD Group Of Companies
Kyle B. Janzen - Personal Real Estate Corporation,kylebjanzen@gmail.com,,Kyle B. Janzen - Personal Real Estate Corporation
Lifty Life Vacation Rentals,Hello@liftylife.com,,Lifty Life Vacation Rentals
Lake Life Property Management,info@lakelifepropertymgmt.ca,,Lake Life Property Management
Canada Flex Realty Group,info@flexrealtygroup.ca,,Canada Flex Realty Group
Stober Group,connect@stobergroup.com,,Stober Group
Westcorp Kelowna,mail@westcorp.net,,Westcorp Kelowna
Curtis Baszucki Personal RealEstateCorporation - Agent - Associated Property Management (2001) Ltd.,curtis@associatedpm.ca,,Curtis Baszucki Personal RealEstateCorporation - Agent - Associated Property Management (2001) Ltd.
Ariane Stevenson Property Manager - Century 21 Assurance Realty,arianepropertymanagement@gmail.com,,Ariane Stevenson Property Manager - Century 21 Assurance Realty
Tafco Realty Corp,admin@tafco.ca,,Tafco Realty Corp
The Wellness Spa,contact@wellnessspa.ca,,The Wellness Spa
Sarah Cushing Registered Massage Therapy,sarahokanaganrmt@gmail.com,,Sarah Cushing Registered Massage Therapy
Gecko Massage Therapy,geckomassagetherapy@gmail.com,,Gecko Massage Therapy
"Opal Thai Massage and Spa on Saint Paul street, Kelowna, BC",opalthaispa2024@gmail.com,,"Opal Thai Massage and Spa on Saint Paul street, Kelowna, BC"
The Recovery Spa,hello@therecoveryspa.ca,,The Recovery Spa
Beyond Wrapture Mind & Body Care Day Spa & Retreat,appointment888@beyondwrapture.com,,Beyond Wrapture Mind & Body Care Day Spa & Retreat
Landmark Wellness,info@landmarkwellness.ca,,Landmark Wellness
The Core Centre of Health,reception@thecorekelowna.com,,The Core Centre of Health
Jenna Millsap Registered Massage Therapist,admin@klochiropractic.ca,,Jenna Millsap Registered Massage Therapist
OKGN Valley Massage,info@okgnvalleymassage.com,,OKGN Valley Massage
AthElite Health Massage Therapy,info@athelitehealth.com,,AthElite Health Massage Therapy
Deep Werks Massage Therapy,gary@deepwerks.com,,Deep Werks Massage Therapy
Maguire Massage Therapy,kristi@maguiremassagetherapy.ca,,Maguire Massage Therapy
Kettle Valley Massage Therapy,jenniferrmt@hotmail.com,,Kettle Valley Massage Therapy
KIAI SHIATSU,info@kiaishiatsu.com,,KIAI SHIATSU
CranioSacral Therapy & Massage,tia@craniosacralplus.ca,,CranioSacral Therapy & Massage
Vital Massage Therapy,info@vitalmassage.ca,,Vital Massage Therapy
Viva Massage,hello@vivamassage.ca,,Viva Massage
All-Activity Massage Therapy & Health Center,all-activity@shaw.ca,,All-Activity Massage Therapy & Health Center
KLWNA Health & Wellness,info@klwna.ca,,KLWNA Health & Wellness
Center Therapeutics,CenterTherapeutics@outlook.com,,Center Therapeutics
Pro Motion Clinic,lars@promotionclinic.com,,Pro Motion Clinic
Hygge Registered Massage Therapy,nancyharrisrmt@gmail.com,,Hygge Registered Massage Therapy
LOTUS MASSAGE THERAPY & OSTEOPATHY,info@lotusmassagetherapy.ca,,LOTUS MASSAGE THERAPY & OSTEOPATHY
Well Kneaded Massage Therapy,wkmt.weys@gmail.com,,Well Kneaded Massage Therapy
Mind Body Soul Integrative Clinic,info@mindbodysoulkelowna.ca,,Mind Body Soul Integrative Clinic
Mission Massage Therapy Centre,info@missionmassage.ca,,Mission Massage Therapy Centre
Helios Massage Therapy,info@heliosrmt.ca,,Helios Massage Therapy
Restore Massage Therapist Corporation,restorekelowna@gmail.com,,Restore Massage Therapist Corporation
Amber Dawn Registered Massage Therapy,amberdawnrmt@gmail.com,,Amber Dawn Registered Massage Therapy
Cotton Massage Therapy,danacotton@shaw.ca,,Cotton Massage Therapy
Horizon Massage,info@HorizonMassage.ca,,Horizon Massage
Upper Mission Massage Therapy,uppermissionmassage@gmail.com,,Upper Mission Massage Therapy
Dream Dance Club Kelowna,dreamdanceclubkelowna@gmail.com,,Dream Dance Club Kelowna
West K Dance,info@westkdance.com,,West K Dance
The Canadian School of Ballet,info@csballetdance.com,,The Canadian School of Ballet
Kelowna Community Theatre,theatre@kelowna.ca,,Kelowna Community Theatre
Studio9 School of the Arts,office@studio9.ca,,Studio9 School of the Arts
Hello Darlin',info@hellodarlin.ca,,Hello Darlin'
Highland Fire Dance Academy,highlandfiredance@gmail.com,,Highland Fire Dance Academy
Amira Brooks Flamenco,amirabrooksflamenco@gmail.com,,Amira Brooks Flamenco
Mission Dance Centre,admin@missiondancecentre.com,,Mission Dance Centre
Latinesque Ballroom & Latin Dance,warren@latinesque.com,,Latinesque Ballroom & Latin Dance
"Kinshira Entertainment - Circus, Fire, Stilt-Walkers, Acrobats",kinshira.entertainment@gmail.com,,"Kinshira Entertainment - Circus, Fire, Stilt-Walkers, Acrobats"
McKinnon Ross,ross@leadingedgephysio.com,,McKinnon Ross
Body-Wize - Stuctural Integration Therapy,ross.short@shaw.ca,,Body-Wize - Stuctural Integration Therapy
Pro-Active Physiotherapy,info@proactivephysiotherapy.ca,,Pro-Active Physiotherapy
SCS Physio,scsphysio@gmail.com,,SCS Physio
Glenda Hart Physiotherapy,glendahartphysio@live.ca,,Glenda Hart Physiotherapy
VIVA Pediatric Physio by Milena Perini,milena@vivaphysiotherapy.ca,,VIVA Pediatric Physio by Milena Perini
Nucca Kelowna,info@nuccakelowna.com,,Nucca Kelowna
Rutland Physical Therapy Inc.,info@rutlandphysio.ca,,Rutland Physical Therapy Inc.
Kelowna Physiotherapy Associates,admin@kelownaphysiotherapy.com,,Kelowna Physiotherapy Associates
Black Mountain Physio,bmtnphysio@gmail.com,,Black Mountain Physio
Steph Brown (Skoreyko) Physiotherapist,stephanie@stephbrownpt.ca,,Steph Brown (Skoreyko) Physiotherapist
Shockwave Therapy Kelowna,staff@foundationkelowna.com,,Shockwave Therapy Kelowna
Praktis Physiotherapy,sabina@praktisphysiotherapy.ca,,Praktis Physiotherapy
Hager Orthopaedic Clinics,hager.ortho.prosthetics@gmail.com,,Hager Orthopaedic Clinics
Momentum Kelowna,admin@momentumkelowna.com,,Momentum Kelowna
Lighthouse Chiropractic and Integrative Health,info@lighthousehealth.ca,,Lighthouse Chiropractic and Integrative Health
Bachmeier Ryan,landmark@leadingedgephysio.com,,Bachmeier Ryan
Westside Physiotherapy & Acupuncture,info@westsidephysio.net,,Westside Physiotherapy & Acupuncture
Harmony Chiropractic & Acupuncture Kelowna,admin@theharmonyclinic.com,,Harmony Chiropractic & Acupuncture Kelowna
Orchard Chiropractic & Physiotherapy,admin@orchardchiropractic.ca,,Orchard Chiropractic & Physiotherapy
Derek Defaria Osteopathy Kelowna,derekdefariaosteopathy@gmail.com,,Derek Defaria Osteopathy Kelowna
Brooke Attwell: Century 21 Assurance Realty LTD.,brooke.attwell@century21.ca,,Brooke Attwell: Century 21 Assurance Realty LTD.
WATSON BROTHERS TEAM - Coldwell Banker Horizon Realty KELOWNA,info@watson-brothers.com,,WATSON BROTHERS TEAM - Coldwell Banker Horizon Realty KELOWNA
UNISON Jane Hoffman Realty,inquiry@janehoffman.com,,UNISON Jane Hoffman Realty
Amy Blake - Real Estate Agent Kelowna,amy@homesbyamy.ca,,Amy Blake - Real Estate Agent Kelowna
Liz Athans - Macdonald Realty,liz@garyathans.com,,Liz Athans - Macdonald Realty
Ethan Rutley Kelowna Real Estate,ethan@kelownalife.ca,,Ethan Rutley Kelowna Real Estate
Joan Wolf - Personal Real Estate Corporation,joan.wolf@sothebysrealty.ca,,Joan Wolf - Personal Real Estate Corporation
"John McMahon, PREC* - Realtor at Royal Lepage Kelowna",johnmcmahon@royallepage.ca,,"John McMahon, PREC* - Realtor at Royal Lepage Kelowna"
Maureen Yakimchuk REAL ESTATE AGENT,assurancerealty0734@century21.ca,,Maureen Yakimchuk REAL ESTATE AGENT
Danielle Grundy,info@daniellegrundy.ca,,Danielle Grundy
The Krieg Family RE/MAX Kelowna Real Estate,colin@kriegfamily.ca,,The Krieg Family RE/MAX Kelowna Real Estate
Barbara Boyd Royal LePage Kelowna - Kelowna Real Estate,barbaraboyd@royallepage.ca,,Barbara Boyd Royal LePage Kelowna - Kelowna Real Estate
Emily Zurrer Real Estate,emily.zurrer@century21.ca,,Emily Zurrer Real Estate
Matt Glen Kelowna and Okanagan Realtor,Matt.Glen@Century21.ca,,Matt Glen Kelowna and Okanagan Realtor
Team Hamer-Jackson,team@teamhamerjackson.com,,Team Hamer-Jackson
Kent Armstrong Realtor RE/MAX Kelowna,kent@kentarmstrong.ca,,Kent Armstrong Realtor RE/MAX Kelowna
Josh Miko Personal Real Estate Corp. - Chamberlain Property Group,josh@shieldrealestate.ca,,Josh Miko Personal Real Estate Corp. - Chamberlain Property Group
Kirby Sinnott Real Estate Services,kirby@kelownahomecollective.ca,,Kirby Sinnott Real Estate Services
Collective Real Estate Group,Chris@KelownaHomes.com,,Collective Real Estate Group
The Mayne Brothers,info@pwrg.ca,,The Mayne Brothers
Derek Leippi - 2 Percent Realty Kelowna,derek@derekleippi.com,,Derek Leippi - 2 Percent Realty Kelowna
Tanya Grant - MCNE-RE/MAX Kelowna,tanya@tanyagrant.ca,,Tanya Grant - MCNE-RE/MAX Kelowna
RE/MAX Commercial: Kris McLaughlin Personal Real Estate Corporation,kris@commercialbc.com,,RE/MAX Commercial: Kris McLaughlin Personal Real Estate Corporation
Samantha Ashly | Commercial Realtor®,samantha@shopcommercial.ca,,Samantha Ashly | Commercial Realtor®
Jaime Briggs Realtor,briggsonhomesrealestate@gmail.com,,Jaime Briggs Realtor
Kelowna Real Estate Agent Trish Cenci,trishcenci@gmail.com,,Kelowna Real Estate Agent Trish Cenci
"Bo Skapski, Realtor",bo@boknowshomes.com,,"Bo Skapski, Realtor"
Aaron Parker Personal Real Estate Corporation,aaron@aaronparker.ca,,Aaron Parker Personal Real Estate Corporation
Kelowna Real Estate | Dawson Yates | REALTOR,dawson@coldwellbanker.ca,,Kelowna Real Estate | Dawson Yates | REALTOR
Imagine Realty,info@imaginerealty.ca,,Imagine Realty
Derek Weatherhead - Royal LePage - Kelowna Real Estate,derekweatherhead@me.com,,Derek Weatherhead - Royal LePage - Kelowna Real Estate
RE/MAX : Brendan Stoneman,brendan@brendanstoneman.com,,RE/MAX : Brendan Stoneman
Sharon Black,Sharon@sharonblack.ca,,Sharon Black
DK Nguyen - Kelowna Realtor,dk.nguyen@century21.ca,,DK Nguyen - Kelowna Realtor
RLP Kelowna I *PREC Cory Alexander I Okanagan Real Estate Professionals,okgnrealestate@gmail.com,,RLP Kelowna I *PREC Cory Alexander I Okanagan Real Estate Professionals
Kevin Chepil - 2 Percent Realty Interior,kevin@kevinchepil.ca,,Kevin Chepil - 2 Percent Realty Interior
Kasie Weiss REALTOR RE/MAX Kelowna,kasie@kasieweiss.com,,Kasie Weiss REALTOR RE/MAX Kelowna
Mortgages by Balzor Singh,balzormtg@gmail.com,,Mortgages by Balzor Singh
Jatinder Dhanoa - Kelowna Mortgage Broker - DLC Lending Hub,jdhanoa@dominionlending.ca,,Jatinder Dhanoa - Kelowna Mortgage Broker - DLC Lending Hub
Kelownas Best Broker,invis@invis.ca,,Kelownas Best Broker
Dana Stauber Mortgage Broker Invis Inc.,danastauber@invis.ca,,Dana Stauber Mortgage Broker Invis Inc.
Creative Mortgage - Shaun Pierce,spierce@creativemortgage.ca,,Creative Mortgage - Shaun Pierce
Cultivate + Evolve Financial,info@cefinancial.ca,,Cultivate + Evolve Financial
John Antle Mortgages,office@johnantle.com,,John Antle Mortgages
Jewels Ferris Mortgages - Kelowna Mortgage Broker,Jewels@JewelsFerris.com,,Jewels Ferris Mortgages - Kelowna Mortgage Broker
The Mortgage Group - Wes Rosso - Kelowna,wes.rosso@mortgagegroup.com,,The Mortgage Group - Wes Rosso - Kelowna
Jill Gruen - Mortgage Broker,broker@jillgruen.com,,Jill Gruen - Mortgage Broker
Oliver Mortgage | Kelowna Mortgage Broker,dan@olivermortgage.com,,Oliver Mortgage | Kelowna Mortgage Broker
Aman Gill- Mortgage Broker- Kelowna- Dominion Lending Centres,amangill@dominionlending.ca,,Aman Gill- Mortgage Broker- Kelowna- Dominion Lending Centres
DLC Bluetree Mortgages WEST - Kelowna,reception@bluetreemortgages.com,,DLC Bluetree Mortgages WEST - Kelowna
April Dunn - The Red Door Mortgage Group - Mortgage Architects,april@reddoormortgage.com,,April Dunn - The Red Door Mortgage Group - Mortgage Architects
Borrow With Bonnie,bonnie@borrowwithbonnie.ca,,Borrow With Bonnie
Kelowna Mortgage Broker | Kyle Wilson,mail@kylewilson.ca,,Kelowna Mortgage Broker | Kyle Wilson
Kelowna's Lifestyle Mortgage Broker - Ryan Avery,ryan@ryanavery.ca,,Kelowna's Lifestyle Mortgage Broker - Ryan Avery
"Jacquie Bushell, AMP",jacquie@jacquiebushell.ca,,"Jacquie Bushell, AMP"
Colin Carrier Mortgages,colincarrier@dominionlending.ca,,Colin Carrier Mortgages
Marcey Barber Dion,mbarber@dominionlending.ca,,Marcey Barber Dion
Kelowna Home Mortgages Inc,trishb@creativemortgage.ca,,Kelowna Home Mortgages Inc
"Mortgage Broker, Catherine Pynappels, BlueTree Mortgages WEST",kelownalending@gmail.com,,"Mortgage Broker, Catherine Pynappels, BlueTree Mortgages WEST"
Navi Gaba Mortgages - Bluetree Mortgages West DLC,Navi@gabamortgages.com,,Navi Gaba Mortgages - Bluetree Mortgages West DLC
Pauline,pauline@mybcmortgage.ca,,Pauline
Huber Mortgage,jared@forsalekelowna.ca,,Huber Mortgage
Best Rate Mortgage Kelowna DLC Blue Tree Mortgages West,info@thebestrate.ca,,Best Rate Mortgage Kelowna DLC Blue Tree Mortgages West
MyMortgage.ca,John@mymortgage.ca,,MyMortgage.ca
Cayley Jorgenson - DLC Homeline Mortgages,jorgenson.cayley@gmail.com,,Cayley Jorgenson - DLC Homeline Mortgages
Allison Swanson - Mortgage Broker,allison@allisonswanson.ca,,Allison Swanson - Mortgage Broker
Aquarius Mortgages Inc,romany@aquariusmortgages.com,,Aquarius Mortgages Inc
Rebecca Armitage Mortgages - Verico,rebecca@armitagemortgage.com,,Rebecca Armitage Mortgages - Verico
Kristy Towson - Mortgage Broker Kelowna,kristytowson@gmail.com,,Kristy Towson - Mortgage Broker Kelowna
"Lori Lalonde, Mortgage Specialist",lori.lalonde@verico.ca,,"Lori Lalonde, Mortgage Specialist"
Ash Simpson | Creative Mortgage,ash@insightfinance.ca,,Ash Simpson | Creative Mortgage
White House Mortgages,deb@debwhite.ca,,White House Mortgages
Dominion Lending Centres - Angus Dunlop,angusdunlop@dominionlending.ca,,Dominion Lending Centres - Angus Dunlop
"Surbhi Goyal, CFP® (Mortgage Broker)",info@mortgageswithsurbhi.com,,"Surbhi Goyal, CFP® (Mortgage Broker)"
LendingMax,privacyofficer@verico.ca,,LendingMax
Michelle Scheibel Mortgage Broker Kelowna,getamortgagedone@gmail.com,,Michelle Scheibel Mortgage Broker Kelowna
Dominion Lending Centres - Craig Barton,craig@craigbarton.ca,,Dominion Lending Centres - Craig Barton
Falcon Engineering Ltd.,info@falcon.ca,,Falcon Engineering Ltd.
WITS Metal Fabrication,office@witsmetalfab.ca,,WITS Metal Fabrication
Ecowater Kelowna,info@ecowaterkelowna.com,,Ecowater Kelowna
Wytek Direct,Sales@wytekdirect.com,,Wytek Direct
Railside Brewing Ltd,beers@railsidebrewing.ca,,Railside Brewing Ltd
Asdac CNC Machining Ltd,sales@asdac.net,,Asdac CNC Machining Ltd
Trident Manufacturing Ltd,info@tridentmanufacturing.ca,,Trident Manufacturing Ltd
Heartwood Manufacturing,info@heartwood.ca,,Heartwood Manufacturing
HTR Windows and Doors - Kelowna Windows Replacement,office@htrwindows.ca,,HTR Windows and Doors - Kelowna Windows Replacement
Argo Projects Inc. - Commercial & Light Industrial Construction,hello@argoprojects.ca,,Argo Projects Inc. - Commercial & Light Industrial Construction
Doppelmayr Canada Ltd.,dm@doppelmayr.com,,Doppelmayr Canada Ltd.
Tricor Industries Ltd / Welding,brady@tricorwelding.ca,,Tricor Industries Ltd / Welding
K.L.O. Farm Market,klo.farm.market@gmail.com,,K.L.O. Farm Market
Microm Machining,info@micrommachining.com,,Microm Machining
OPT Precision Tool Manufacturing Ltd,optadm1@telus.net,,OPT Precision Tool Manufacturing Ltd
Unicast Inc.,quotes@unicast.ca,,Unicast Inc.
West Manufacturing Ltd,info@westmfg.net,,West Manufacturing Ltd
Urban Distilleries,info@urban-distilleries.com,,Urban Distilleries
Interior Electronics Ltd,sales@interior.bc.ca,,Interior Electronics Ltd
Photo Alchemist Lab,contact@photoalchemistlab.com,,Photo Alchemist Lab
Northside Industries,info@northsideind.ca,,Northside Industries
Delta-T Consultants Ltd.,info@delta-t.ca,,Delta-T Consultants Ltd.
Trueline Moulding Group Inc.,info@truelinemoulding.com,,Trueline Moulding Group Inc.
Get Bent Metal Fabrication Ltd,getbentmetalfab@telus.net,,Get Bent Metal Fabrication Ltd
Hazel Manufacturing Inc,info@clearoma.com,,Hazel Manufacturing Inc
FPS Fluid Power Solutions Inc.,sales@fluidpowersolutions.ca,,FPS Fluid Power Solutions Inc.
Pendozi Machine Shop Ltd,pendozi@telus.net,,Pendozi Machine Shop Ltd
Claymasters Kelowna,gmonty55@gmail.com,,Claymasters Kelowna
BOX AND LID (Take Out Food Packaging and Restaurant Supplies),boxandlid@gmail.com,,BOX AND LID (Take Out Food Packaging and Restaurant Supplies)
Rocky Point Engineering Ltd.,info@rpeng.ca,,Rocky Point Engineering Ltd.
Pacific Industrial Solutions Inc.,pis@shawbiz.ca,,Pacific Industrial Solutions Inc.
Central Okanagan Economic Development Commission,foi.privacy@rdco.com,,Central Okanagan Economic Development Commission
The Laser Guy,skrivak@telus.net,,The Laser Guy
Anodyne Electronics Manufacturing Corporation (AEM),sales@aem-corp.com,,Anodyne Electronics Manufacturing Corporation (AEM)
ANR Construction Ltd.,info@anrconstruction.ca,,ANR Construction Ltd.
Cedarland Renovation,haik@cedarlandrenovation.com,,Cedarland Renovation
G-Con Ltd,info@g-con.ca,,G-Con Ltd
LMC Earthworks & Equipment,lmcequipment.contact@gmail.com,,LMC Earthworks & Equipment
Matcon Construction Ltd,data@matcongroup.com,,Matcon Construction Ltd
Chriscan Construction,info@chriscan.com,,Chriscan Construction
Team Construction Management (1981) Ltd,team@teamconstruction.ca,,Team Construction Management (1981) Ltd
3rd Generation Homes Ltd.,office@3rdgenhomes.com,,3rd Generation Homes Ltd.
Encan Construction,encan-office@shaw.ca,,Encan Construction
Bercum Builders Inc. - Custom Home Builder Kelowna & Vernon,info@bercumbuilders.com,,Bercum Builders Inc. - Custom Home Builder Kelowna & Vernon
Lehmann Construction Group | LCG,Dan@LehmannConstructionGroup.com,,Lehmann Construction Group | LCG
Degroot Custom Homes,admin@degrootcustomhomes.com,,Degroot Custom Homes
Traine Construction & Development,info@traine.ca,,Traine Construction & Development
Marvel Pro Contracting and Renovations Ltd.,marvelpcr@gmail.com,,Marvel Pro Contracting and Renovations Ltd.
Okanagan Inspired Construction Inc.,info@okanaganconstruction.ca,,Okanagan Inspired Construction Inc.
Plan B Contractors Inc.,info@planbcontractors.com,,Plan B Contractors Inc.
Trivium Contracting & Shade Sails,admin@triviumcontracting.com,,Trivium Contracting & Shade Sails
Weninger Construction & Design Ltd,info@weningerconstruction.com,,Weninger Construction & Design Ltd
Mission Group Enterprises,info@missiongroup.ca,,Mission Group Enterprises
TKI Construction Ltd.,build@tkiconstruction.ca,,TKI Construction Ltd.
SSK Construction Ltd,infosskstucco@gmail.com,,SSK Construction Ltd
Okanada Construction & Project Management,blake@okanada.net,,Okanada Construction & Project Management
Okanagan Boys Construction,okanaganboysconstruction@gmail.com,,Okanagan Boys Construction
CorWest Builders,info@corwestbuilders.com,,CorWest Builders
Littco Enterprises Ltd.,info@littco.ca,,Littco Enterprises Ltd.
Froese & Co. Building and Design Inc.,info@froeseandco.com,,Froese & Co. Building and Design Inc.
Emil Anderson Group,hello@emilanderson.ca,,Emil Anderson Group
Arnold Construction Management Ltd,jason@arnoldconstruction.co,,Arnold Construction Management Ltd
Kerkhoff Develop-Build,info@kerkhoff.ca,,Kerkhoff Develop-Build
Dynamic Constructors,hello@dynamicconstructors.ca,,Dynamic Constructors
New Beginning Construction,dayne@newbeginningconstruction.ca,,New Beginning Construction
West Kelowna Plumbing,jordan@westkelownaplumbing.ca,,West Kelowna Plumbing
A1 Choice Plumbing & Drain Inc West Kelowna,service@a1choiceplumbing.com,,A1 Choice Plumbing & Drain Inc West Kelowna
Conquer Plumbing Ltd.,Chris@ConquerPlumbing.ca,,Conquer Plumbing Ltd.
Valley Plumbing & Heating,generaloffice@valleyplumbingandheating.com,,Valley Plumbing & Heating
"Waterworks Plumbing, Heating, Gas, & Sprinklers",info@waterworksmechanical.ca,,"Waterworks Plumbing, Heating, Gas, & Sprinklers"
Living Water Plumbing Service,info@livingwaterplumbing.ca,,Living Water Plumbing Service
Phillips Plumbing Heating and Air Conditioning,info@phillipsplumbingandheating.ca,,Phillips Plumbing Heating and Air Conditioning
Murray's Heating & Cooling Solutions LTD,service@murrayssolutions.com,,Murray's Heating & Cooling Solutions LTD
FSQ Plumbing And Gas Fitting Ltd,Service@FSQPlumbing.ca,,FSQ Plumbing And Gas Fitting Ltd
Conquest Plumbing Solutions - Kelowna,CONQUESTPLUMBINGLTD@GMAIL.COM,,Conquest Plumbing Solutions - Kelowna
Checkered Plumbing and Heating,ash@checkeredplumbingandheating.com,,Checkered Plumbing and Heating
Scott Alan Plumbing and Heating Ltd.,contact@scottalan.ca,,Scott Alan Plumbing and Heating Ltd.
Kelowna Plumbing Services,kelownaplumbingservices@gmail.com,,Kelowna Plumbing Services
"Air Tech Plumbing, Heating, Cooling & Green Energy",info@airtechmechanical.ca,,"Air Tech Plumbing, Heating, Cooling & Green Energy"
Kelowna Plumbing Solutions,kpsolutions@shaw.ca,,Kelowna Plumbing Solutions
Sure mechanical solutions,suremechanicalsolutions@gmail.com,,Sure mechanical solutions
Christman Plumbing & Heating,info@cphltd.ca,,Christman Plumbing & Heating
Knox Mountain Mechanical Ltd.,knoxmtnmechanical@outlook.com,,Knox Mountain Mechanical Ltd.
Rival Plumbing Ltd,RIVALKELOWNA@GMAIL.COM,,Rival Plumbing Ltd
Vision Plumbing Heating Cooling,info@visionplumbingandheating.com,,Vision Plumbing Heating Cooling
Rite Tech Plumbing,ritetechplumbing@hotmail.com,,Rite Tech Plumbing
"Okanagan Heating , Air Conditioning & Plumbing LTD",info@okhac.com,,"Okanagan Heating , Air Conditioning & Plumbing LTD"
Westpoint Projects Inc.,admin@westpointprojects.com,,Westpoint Projects Inc.
Souleau Contracting Inc.,justin@souleau.com,,Souleau Contracting Inc.
Victor Projects Ltd,info@victorprojects.ca,,Victor Projects Ltd
Kelowna Business Brokers - Carlo Giusto - *PREC,carlo@kelownabusinessbrokers.ca,,Kelowna Business Brokers - Carlo Giusto - *PREC
BRENT MARSHALL,brent@commercialfinders.com,,BRENT MARSHALL
Norsteel Building Systems Ltd.,info@norsteel.build,,Norsteel Building Systems Ltd.
Attic to Alley Home Inspections,tara@attictoalley.ca,,Attic to Alley Home Inspections
Hex Scaffolding Inc.,HexScaffolding@gmail.com,,Hex Scaffolding Inc.
Troika Developments,info@troikagroup.ca,,Troika Developments
Metal Structure Concepts,info@mscsteel.com,,Metal Structure Concepts
Simps Modern Beverage,orders@simpsmb.com,,Simps Modern Beverage
Commercial Finders Canada,manager@businessfinderscanada.com,,Commercial Finders Canada
The Shore Kelowna,stay@theshorekelowna.com,,The Shore Kelowna
NCA Commercial Inc.,info@ncacommercial.com,,NCA Commercial Inc.
Oakwyn Realty OKGN-Letnick Estates 基洛纳(奥肯纳根湖)莱克地产,convey@realestateoakwyn.ca,,Oakwyn Realty OKGN-Letnick Estates 基洛纳(奥肯纳根湖)莱克地产
Adam Kilshaw - Kilshaw Homes,adam@kilshawhomes.com,,Adam Kilshaw - Kilshaw Homes
Eric Steinbach - Chamberlain Property Group,eric@recrew.ca,,Eric Steinbach - Chamberlain Property Group
HILBERT&CRICK Real Estate Group,info@hilbertcrick.ca,,HILBERT&CRICK Real Estate Group
PELLERIN Real Estate Group - Jessika Pellerin & Steffie Pellerin,DMCA@haynesboone.com,,PELLERIN Real Estate Group - Jessika Pellerin & Steffie Pellerin
Liz's Bookkeeping,lizsbookkeeping09@gmail.com,,Liz's Bookkeeping
The Tax Pros Income Tax Service,info@thetaxprosonline.com,,The Tax Pros Income Tax Service
WittCPA Inc.,theresa@wittcpa.ca,,WittCPA Inc.
Lifestyle Virtual Assistant Services,ashley@lifestylevirtualassistantservices.com,,Lifestyle Virtual Assistant Services
Firefly Bookkeeping,Haven@fireflybookkeeping.ca,,Firefly Bookkeeping
Horizon Chartered Professional Accountants,admin@horizoncpa.ca,,Horizon Chartered Professional Accountants
Lagace Lisa,llagace@telus.net,,Lagace Lisa
Lydia H. Thomson Law Corporation,thomsonlaw@shaw.ca,,Lydia H. Thomson Law Corporation
AUDRA BAYER LAW,abayer@fhplawyers.com,,AUDRA BAYER LAW
Martell Elite Fitness,travis@martellelitefitness.com,,Martell Elite Fitness
Inside Out Pilates,insideoutpilates@telus.net,,Inside Out Pilates
Fitness Superstore,fitfirst88@gmail.com,,Fitness Superstore
Spa At The Cove,covespa@shaw.ca,,Spa At The Cove
Sendero Health & Beauty,info@senderokelowna.ca,,Sendero Health & Beauty
Peachland Laser & Aesthetics,info@eaglesnestretreat.ca,,Peachland Laser & Aesthetics
NEXT Clinic,info@nextclinic.ca,,NEXT Clinic
Revive Skincare,info@reviveskincare.ca,,Revive Skincare
Luxe Laser Studio - Kelowna - 50% Off Laser Hair Removal,luxelaserstudio@gmail.com,,Luxe Laser Studio - Kelowna - 50% Off Laser Hair Removal
Pagdin Health - Dr Grant Pagdin MD,info@pagdinhealth.com,,Pagdin Health - Dr Grant Pagdin MD
C D Bakala MD Inc,info@facesofkelowna.com,,C D Bakala MD Inc
Lakeland Dental Centre,lakelanddentalcentre@gmail.com,,Lakeland Dental Centre
David M. Fortunat Denture Clinic,fortunatdentures@gmail.com,,David M. Fortunat Denture Clinic
Shore Dental Centre,info@shoredental.ca,,Shore Dental Centre
West Kelowna Orthodontics,info@westkelownaorthodontists.ca,,West Kelowna Orthodontics
Okanagan Smiles,hello@okanagansmiles.com,,Okanagan Smiles
Keystone Property Management LTD,OFFICE@KEYSTONE.PM,,Keystone Property Management LTD
Harbour ridge,harbour.ridge@associatedpm.ca,,Harbour ridge
La Co-Host Inc.,lacohost@gmail.com,,La Co-Host Inc.
Barb van Steenoven Royal LePage Kelowna,Barbv@royallepage.ca,,Barb van Steenoven Royal LePage Kelowna
Stay In The Okanagan & Copper Sky Vacation Rentals,marit.coppersky@gmail.com,,Stay In The Okanagan & Copper Sky Vacation Rentals
Proper Measure Okanagan Valley Ltd.,jeff@propermeasure.com,,Proper Measure Okanagan Valley Ltd.
Chiropractic Connection and Massage Therapy,chiropracticconnection@shaw.ca,,Chiropractic Connection and Massage Therapy
Kristin Ross RMT,kristinrossrmt@gmail.com,,Kristin Ross RMT
Connected Collective Massage and Counselling Services,interconnectedokanagan@gmail.com,,Connected Collective Massage and Counselling Services
Lakeshore Massage Therapy - Amanda Schrik R.M.T.,amanda@lakeshoremassagetherapy.ca,,Lakeshore Massage Therapy - Amanda Schrik R.M.T.
Balsam Center - Registered Massage Therapy,balsamcenterkelowna@gmail.com,,Balsam Center - Registered Massage Therapy
West Kelowna Integrative Health Centre,hello@westkelownaihc.com,,West Kelowna Integrative Health Centre
Chang Thai Massage & Spa,nat_cha3421@hotmail.com,,Chang Thai Massage & Spa
Amour Mio Sauna,info@amourmiosauna.ca,,Amour Mio Sauna
"Celina Lai, RMT",celinalai.rmt@gmail.com,,"Celina Lai, RMT"
Tara O'Kane - Nurturing Touch Massage Therapy,taraokane@hotmail.com,,Tara O'Kane - Nurturing Touch Massage Therapy
Creekside Massage Therapy,jon@creeksidemassagetherapy.ca,,Creekside Massage Therapy
Jason Coward Royal Lepage West Kelowna,jason@jasoncoward.ca,,Jason Coward Royal Lepage West Kelowna
MacDermott Holmes & Associates,Crista@macdermottholmes.ca,,MacDermott Holmes & Associates
Todd Simpson Team,info@simpsonrealtors.com,,Todd Simpson Team
Van Dolder Mortgages,craig@vandoldermortgages.com,,Van Dolder Mortgages
Blaney Mortgage Inc - Mortgage Broker,Clayton@BlaneyMortgage.com,,Blaney Mortgage Inc - Mortgage Broker
Centum Mortgage Store: Cody Keus,hello@centum.ca,,Centum Mortgage Store: Cody Keus
Cody Chambers - Mortgage Broker Kelowna - DLC BlueTree Mortgages West,codychambers@dominionlending.ca,,Cody Chambers - Mortgage Broker Kelowna - DLC BlueTree Mortgages West
Ron Van Steenoven & Associates Ltd.,info@rvsa.ca,,Ron Van Steenoven & Associates Ltd.
ForJars Canning Supply,support@forjars.ca,,ForJars Canning Supply
Century Packaging Ltd.,office@centurypackaging.com,,Century Packaging Ltd.
Movable Spaces,info@movablespaces.com,,Movable Spaces
Kalala Organic Estate Winery,wines@kalala.ca,,Kalala Organic Estate Winery
Beaumont Family Estate Winery,info@beaumontwinery.com,,Beaumont Family Estate Winery
ASTEC Digital - Canada (West),contact.digital@astecindustries.com,,ASTEC Digital - Canada (West)
The Market at Quails' Gate,info@quailsgate.com,,The Market at Quails' Gate
The Gallery Winery,thegallerywinery@gmail.com,,The Gallery Winery
Rad Jamz,Kyla@radjamz.com,,Rad Jamz
First Response Fire Protection,info@firstresponsefire.ca,,First Response Fire Protection
Canadian Appliance Parts,cdnappparts@gmail.com,,Canadian Appliance Parts
Rotobec,rotobec@rotobec.com,,Rotobec
Pure Lignin Environmental Technology,info@purelignin.com,,Pure Lignin Environmental Technology
Joe & Sons Concrete Ltd,kris@joeandsons.ca,,Joe & Sons Concrete Ltd
EverPresent Giving,stories@everpresentgiving.com,,EverPresent Giving
Terracom Systems Ltd,sales@terracomsystems.com,,Terracom Systems Ltd
Everwood Custom Woodworking Ltd,Info@everwooddoors.com,,Everwood Custom Woodworking Ltd
Tender Hope Winery,info@tenderhopewinery.com,,Tender Hope Winery
Okanagan Pasta Company,info@okanaganpastacompany.com,,Okanagan Pasta Company
Frind Estate Winery,info@frindwinery.com,,Frind Estate Winery
Lakeview Roof Service,sales@lakeviewroofservice.com,,Lakeview Roof Service
Orca Asphalt Maintenance Inc.,admin@orcaasphaltmaintenance.ca,,Orca Asphalt Maintenance Inc.
Anomar Construction Corp - Excavating West Kelowna,anomarconstruction@gmail.com,,Anomar Construction Corp - Excavating West Kelowna
TOP FORM PROJECTS CO.,info@topformprojects.ca,,TOP FORM PROJECTS CO.
Medel Homes,info@medelhomes.ca,,Medel Homes
Ground to Sky Construction,groundtoskyconstruction@gmail.com,,Ground to Sky Construction
AMPD General Contracting and Electrical Services Ltd,AMPD@telus.net,,AMPD General Contracting and Electrical Services Ltd
Skilltech Builders Inc.,admin@skilltechbuilders.ca,,Skilltech Builders Inc.
Time for a change | General contractor | Renovations | Home Improvement | Loca Handyman | Kelowna,homerenodave@gmail.com,,Time for a change | General contractor | Renovations | Home Improvement | Loca Handyman | Kelowna
Ashbury Homes Ltd,contact@ashburyhomes.ca,,Ashbury Homes Ltd
Civil X Contracting,info@civilxcontracting.ca,,Civil X Contracting
Grand Irish Construction Inc.,hello@grandirish.com,,Grand Irish Construction Inc.
Valleywide Custom Builders - General Contracting,shawn@valleywidebuilders.ca,,Valleywide Custom Builders - General Contracting
BlueJay Plumbing Solutions,bluejayplumbingsolutions@gmail.com,,BlueJay Plumbing Solutions
HELP Plumbing and Heating Services,helpmail360@gmail.com,,HELP Plumbing and Heating Services
Mario's Plumbing,info@mariosplumbing.ca,,Mario's Plumbing
CNC Plumbing & Heating Ltd,cncplumbingandheatingltd@gmail.com,,CNC Plumbing & Heating Ltd
Hawthorne Plumbing And Heating Ltd.,info@hawthorneplumbing.ca,,Hawthorne Plumbing And Heating Ltd.
Triumph Heating & Air Conditioning,michelle@triumphheatandair.com,,Triumph Heating & Air Conditioning
"Resolve Plumbing, Heating and Air Conditioning",resolveplumbing250@gmail.com,,"Resolve Plumbing, Heating and Air Conditioning"
Valley Hardscapes,info@valleyhardscapes.ca,,Valley Hardscapes
Burton Marine Pile Driving,info@burtonpiledriving.com,,Burton Marine Pile Driving
Freeport Industries,info@freeportindustries.ca,,Freeport Industries
LAING Service (Roof Repairs & Maintenance),service@laingroofing.com,,LAING Service (Roof Repairs & Maintenance)
Gentry Home Builders Okanagan,info@gentryhomes.ca,,Gentry Home Builders Okanagan
Agent Tech Mastery - Real Estate Tech Coach & Consultant,ATM@AgentTechMastery.com,,Agent Tech Mastery - Real Estate Tech Coach & Consultant
Fairstone,Guessed: info@branches.fairstone.ca,,Fairstone
Chamberlain Property Group,info@cpg.email,,Chamberlain Property Group
Josh Janz Real Estate Agents - RE MAX Penticton REALTORS ®,josh@joshjanz.com,,Josh Janz Real Estate Agents - RE MAX Penticton REALTORS ®
Team CHAPMAN - Royal LePage Locations West,info@teamchapman.ca,,Team CHAPMAN - Royal LePage Locations West
Heidi Harbinson - Penticton REALTOR - Chamberlain Property Group,heidi@harbinsonrealestate.com,,Heidi Harbinson - Penticton REALTOR - Chamberlain Property Group
neuHouzz Real Estate Group - eXp Realty,sergej@neuhouzz.ca,,neuHouzz Real Estate Group - eXp Realty
Front Street Realty,admin@frontstreetrealty.net,,Front Street Realty
MAAP Group Real Estate,info@maapgroup.com,,MAAP Group Real Estate
Dominion Lending Centres Clearmortgage,info@clearmortgage.ca,,Dominion Lending Centres Clearmortgage
Mortgage Advantage West - Dan Macor,dan@mawest.ca,,Mortgage Advantage West - Dan Macor
"Sunshine Mortgages - Erika Makauskas, Mortgage Professional",erika@sunshine-mortgages.ca,,"Sunshine Mortgages - Erika Makauskas, Mortgage Professional"
Your Equity Mortgage - Home Equity Loan | Private Mortgage Lenders Okanagan BC,jeff@yourequity.ca,,Your Equity Mortgage - Home Equity Loan | Private Mortgage Lenders Okanagan BC
Robyn Bella - DLC Clearmortgage,robyn@clearmortgage.ca,,Robyn Bella - DLC Clearmortgage
"Gitta Schoenne, Verico Compass Mortgage Group",gschoenne@gmail.com,,"Gitta Schoenne, Verico Compass Mortgage Group"
Robbie Bonthoux: The Mortgage Group - Penticton,robbie.b@mortgagegroup.com,,Robbie Bonthoux: The Mortgage Group - Penticton
Dominion Lending Centres Clearmortgage: Jenna Mullins,jenna@clearmortgage.ca,,Dominion Lending Centres Clearmortgage: Jenna Mullins
"DLC Clearmortgage.ca, Harry Howard",harry@clearmortgage.ca,,"DLC Clearmortgage.ca, Harry Howard"
Wildstone Construction,info@wildstone.com,,Wildstone Construction
Showtime Home Builders Ltd.,office@showtimehb.com,,Showtime Home Builders Ltd.
Penticton Collision Centre,pentictoncollision@shawbiz.ca,,Penticton Collision Centre
Wild Mountain Clinical Counselling,info@wildmountaincounselling.ca,,Wild Mountain Clinical Counselling
OK Clinical Therapy Group - Penticton Counselling,info@okclinical.com,,OK Clinical Therapy Group - Penticton Counselling
Soul Centered Counselling & Holistic Services,SoulCenteredCounselling@gmail.com,,Soul Centered Counselling & Holistic Services
"Moksha Psychotherapy RCC Counseling Services, Penticton, BC.",yvettezwyssig@gmail.com,,"Moksha Psychotherapy RCC Counseling Services, Penticton, BC."
Incentive Counselling,reception@incentivecounselling.ca,,Incentive Counselling
Credible Cremation Services,nolan@afh.ca,,Credible Cremation Services
Hansons' Arbor Funeral Chapels & Crematorium Inc.,info@hansonsfuneral.ca,,Hansons' Arbor Funeral Chapels & Crematorium Inc.
Bethel Church Penticton,info@betheltab.ca,,Bethel Church Penticton
Penticton Alliance Church,office@pentictonalliance.org,,Penticton Alliance Church
New Beginnings Church,contact@newbeginningschurch.ca,,New Beginnings Church
Saint Saviour's Penticton,stsav@shaw.ca,,Saint Saviour's Penticton
St. John Vianney Parish,heart4joy@shaw.ca,,St. John Vianney Parish
Penticton First Baptist Church,office@fbcpenticton.com,,Penticton First Baptist Church
Penticton Seventh-Day Adventist Church,prayerchainsda@gmail.com,,Penticton Seventh-Day Adventist Church
Waycon Manufacturing Ltd,info@waycon.net,,Waycon Manufacturing Ltd
I.B.C. International Bar Coding Systems & Consulting Inc,sales@ibcworld.net,,I.B.C. International Bar Coding Systems & Consulting Inc
Familia Tattoos,Pentictontattoos@gmail.com,,Familia Tattoos
URGE 3 Tattoos,info@urge3tattoos.com,,URGE 3 Tattoos
Peaches & Creme Studio,peachesncreme17@gmail.com,,Peaches & Creme Studio
Stuart Bish Photography & Design,stuartbish@stuartbish.com,,Stuart Bish Photography & Design
Lisa Haywood Photography-Penticton Photographer,info@lisahaywoodphotography.com,,Lisa Haywood Photography-Penticton Photographer
Tumbleweed Custom Picture Framing & Art Gallery,penticton.tumbleweed@gmail.com,,Tumbleweed Custom Picture Framing & Art Gallery
The Lloyd Gallery,art@lloydgallery.com,,The Lloyd Gallery
Penticton Computer Tech-Ease,colin@tech-ease.ca,,Penticton Computer Tech-Ease
Alkaloid Networks,help@alkaloid.ca,,Alkaloid Networks
Unity Cannabis,info@unitycannabis.ca,,Unity Cannabis
Classic Leisure Lifestyles,info@classicleisurelifestyles.com,,Classic Leisure Lifestyles
